link,start,xEnd,video,utterance,arousal,valence,EmotionMaxVote
https://www.youtube.com/watch?v=0_mOVTA8V9E,255.5160391,266.1597602,b018c03de_5,utterance_30.mp4,0.499433804527612,0.119636203768561,4
https://www.youtube.com/watch?v=0_mOVTA8V9E,265.7927353,276.3029929,b018c03de_5,utterance_31.mp4,0.544506819529878,0.234786466984942,4
https://www.youtube.com/watch?v=0_mOVTA8V9E,275.8358703,283.07627,b018c03de_5,utterance_32.mp4,0.613974834290383,0.455331769526112,4
https://www.youtube.com/watch?v=0_mOVTA8V9E,283.07627,293.8200888,b018c03de_5,utterance_33.mp4,0.552029597037238,0.396101790728738,3
https://www.youtube.com/watch?v=0_mOVTA8V9E,293.3529663,303.9633215,b018c03de_5,utterance_34.mp4,0.534571138792804,0.349074031126227,3
https://www.youtube.com/watch?v=0_mOVTA8V9E,303.6296625,313.8729929,b018c03de_5,utterance_35.mp4,0.559326021166405,0.461729898738919,3
https://www.youtube.com/watch?v=0_mOVTA8V9E,344.269325,355.0465098,b018c03de_7,utterance_39.mp4,0.486386018668637,0.243292060819574,4
https://www.youtube.com/watch?v=0_mOVTA8V9E,354.5460213,365.022913,b018c03de_7,utterance_40.mp4,0.505762280433836,0.242897886779724,4
https://www.youtube.com/watch?v=0_mOVTA8V9E,364.5891563,374.4320959,b018c03de_7,utterance_41.mp4,0.496494883343228,0.272043555831703,4
https://www.youtube.com/watch?v=0_mOVTA8V9E,373.9316075,384.5085968,b018c03de_7,utterance_42.mp4,0.539447154043924,0.323453812473417,3
https://www.youtube.com/watch?v=0_mOVTA8V9E,383.9747425,394.6184636,b018c03de_7,utterance_43.mp4,0.52499607158558,0.22520289816225,3
https://www.youtube.com/watch?v=0_mOVTA8V9E,423.9137211,434.2237833,b018c03de_8,utterance_47.mp4,0.530527067882235,0.214113378025148,1
https://www.youtube.com/watch?v=0_mOVTA8V9E,433.7232948,439.8959858,b018c03de_8,utterance_48.mp4,0.484808531312754,0.248452383119059,3
https://www.youtube.com/watch?v=0_mOVTA8V9E,440.2630107,450.4062433,b018c03de_8,utterance_49.mp4,0.511795440692626,0.197086620202892,0
https://www.youtube.com/watch?v=0_mOVTA8V9E,450.3061456,460.8497691,b018c03de_8,utterance_50.mp4,0.498430688346151,0.117356778771313,3
https://www.youtube.com/watch?v=0_mOVTA8V9E,460.5828419,471.0263677,b018c03de_8,utterance_51.mp4,0.549075366108592,0.246989204019293,4
https://www.youtube.com/watch?v=0_mOVTA8V9E,470.3924156,480.302087,b018c03de_8,utterance_52.mp4,0.485020578427852,0.0884367475533727,3
https://www.youtube.com/watch?v=0_mOVTA8V9E,479.9684281,490.2784902,b018c03de_9,utterance_53.mp4,0.513083428921348,0.359155408019296,3
https://www.youtube.com/watch?v=0_mOVTA8V9E,489.5444405,500.2548934,b018c03de_9,utterance_54.mp4,0.508553630227076,0.31199097852237,3
https://www.youtube.com/watch?v=0_mOVTA8V9E,500.054698,507.9957815,b018c03de_9,utterance_55.mp4,0.522251783435965,0.281112894163256,3
https://www.youtube.com/watch?v=0_mOVTA8V9E,507.9957815,518.4726732,b018c03de_9,utterance_56.mp4,0.478097558490819,0.326469484763608,3
https://www.youtube.com/watch?v=0_mOVTA8V9E,518.0389165,526.3803908,b018c03de_9,utterance_57.mp4,0.535617631592656,0.300760374670322,3
https://www.youtube.com/watch?v=0_mOVTA8V9E,526.4471226,536.990746,b018c03de_10,utterance_58.mp4,0.522800343057545,0.458229274410788,3
https://www.youtube.com/watch?v=0_mOVTA8V9E,536.4902575,547.0005151,b018c03de_10,utterance_59.mp4,0.504890548443158,0.360050799853131,3
https://www.youtube.com/watch?v=0_mOVTA8V9E,546.5333925,557.1771137,b018c03de_10,utterance_60.mp4,0.569515181775474,0.285857591254421,4
https://www.youtube.com/watch?v=0_mOVTA8V9E,556.5765275,567.2202487,b018c03de_10,utterance_61.mp4,0.515170901439615,0.188419098320989,0
https://www.youtube.com/watch?v=0_mOVTA8V9E,567.0867851,577.0965542,b018c03de_10,utterance_62.mp4,0.546226932268688,0.245143431448752,0
https://www.youtube.com/watch?v=0_mOVTA8V9E,576.6627975,587.3398845,b018c03de_10,utterance_63.mp4,0.559304179311518,0.311335104591033,4
https://www.youtube.com/watch?v=0_mOVTA8V9E,586.9394938,597.3162877,b018c03de_10,utterance_64.mp4,0.534035329003861,0.281251204934134,5
https://www.youtube.com/watch?v=0_mOVTA8V9E,596.7490675,607.259325,b018c03de_10,utterance_65.mp4,0.510407803583569,0.18236184789324,1
https://www.youtube.com/watch?v=0_mOVTA8V9E,606.7922025,613.3652842,b018c03de_10,utterance_66.mp4,0.498541005178565,0.234708966151131,3
https://www.youtube.com/watch?v=0_mOVTA8V9E,613.5654796,624.109103,b018c03de_10,utterance_67.mp4,0.472959793649474,0.187062249946824,1
https://www.youtube.com/watch?v=0_mOVTA8V9E,623.8421758,634.3524334,b018c03de_10,utterance_68.mp4,0.469314733774163,0.18476232414019,1
https://www.youtube.com/watch?v=0_mOVTA8V9E,633.8853108,644.3955684,b018c03de_10,utterance_69.mp4,0.510010696982658,0.336934839708704,6
https://www.youtube.com/watch?v=0_mOVTA8V9E,709.7927265,720.6700089,b018c03de_12,utterance_77.mp4,0.492376474568513,0.263265142898865,3
https://www.youtube.com/watch?v=0_mOVTA8V9E,720.302984,727.0095293,b018c03de_12,utterance_78.mp4,0.449458236320913,0.123123589811793,3
https://www.youtube.com/watch?v=0_mOVTA8V9E,727.0762611,732.9820249,b018c03de_12,utterance_79.mp4,0.489800198859649,0.202177523234586,3
https://www.youtube.com/watch?v=0_mOVTA8V9E,733.3824156,743.8926732,b018c03de_12,utterance_80.mp4,0.483548320394542,0.320078237106136,4
https://www.youtube.com/watch?v=0_mOVTA8V9E,743.4255506,754.0359059,b018c03de_12,utterance_81.mp4,0.523242529421542,0.326940060025676,3
https://www.youtube.com/watch?v=0_mOVTA8V9E,753.7022469,764.2125044,b018c03de_12,utterance_82.mp4,0.552374439486322,0.407978126479122,3
https://www.youtube.com/watch?v=0_mOVTA8V9E,763.7453819,774.4558348,b018c03de_12,utterance_83.mp4,0.491863113916366,0.219904839557838,3
https://www.youtube.com/watch?v=0_mOVTA8V9E,773.7885169,784.1986767,b018c03de_12,utterance_84.mp4,0.569885299468111,0.352614423244065,3
https://www.youtube.com/watch?v=0_mOVTA8V9E,793.8747869,804.1181172,b018c03de_12,utterance_86.mp4,0.53346064205222,0.303304223172967,3
https://www.youtube.com/watch?v=0_mOVTA8V9E,803.6843606,814.2947158,b018c03de_13,utterance_87.mp4,0.51455444815375,0.327247774448174,3
https://www.youtube.com/watch?v=0_mOVTA8V9E,813.7274956,824.7048757,b018c03de_13,utterance_88.mp4,0.552675990390936,0.498486067812801,3
https://www.youtube.com/watch?v=0_mOVTA8V9E,824.4713144,835.1484014,b018c03de_13,utterance_89.mp4,0.497582570951048,0.219176155683652,3
https://www.youtube.com/watch?v=0_mOVTA8V9E,834.5144494,844.5242185,b018c03de_13,utterance_90.mp4,0.535614927706931,0.166458576283138,3
https://www.youtube.com/watch?v=0_mOVTA8V9E,844.0904618,854.8009147,b018c03de_13,utterance_91.mp4,0.534992772363936,0.375362629003071,3
https://www.youtube.com/watch?v=0_mOVTA8V9E,854.3671581,864.9107815,b018c03de_13,utterance_92.mp4,0.534733371944999,0.19305524623447,3
https://www.youtube.com/watch?v=0_mOVTA8V9E,1038.413446,1048.990435,b018c03de_16,utterance_111.mp4,0.455457659188916,0.24141634063741,4
https://www.youtube.com/watch?v=0_mOVTA8V9E,1048.456581,1055.396687,b018c03de_16,utterance_112.mp4,0.458956350770213,0.249976875006743,4
https://www.youtube.com/watch?v=0_mOVTA8V9E,1055.463419,1059.133668,b018c03de_16,utterance_113.mp4,0.535194937432672,0.339264115124841,4
https://www.youtube.com/watch?v=0_mOVTA8V9E,1059.433961,1069.977584,b018c03de_16,utterance_114.mp4,0.549055388915241,0.393840124776301,4
https://www.youtube.com/watch?v=0_mOVTA8V9E,1069.477096,1071.87944,b018c03de_16,utterance_115.mp4,0.514032514323606,0.240930347661749,4
https://www.youtube.com/watch?v=0_mOVTA8V9E,1072.04627,1082.856821,b018c03de_16,utterance_116.mp4,0.556279738095898,0.34259803600833,4
https://www.youtube.com/watch?v=0_mOVTA8V9E,1082.556528,1093.033419,b018c03de_16,utterance_117.mp4,0.540513051268597,0.354170731711325,4
https://www.youtube.com/watch?v=0_mOVTA8V9E,1093.066785,1103.810604,b018c03de_16,utterance_118.mp4,0.539392726884144,0.33729494098507,4
https://www.youtube.com/watch?v=0_mOVTA8V9E,1103.343481,1113.853739,b018c03de_16,utterance_119.mp4,0.560253824658519,0.321666256221904,4
https://www.youtube.com/watch?v=0_mOVTA8V9E,1113.620178,1115.421936,b018c03de_16,utterance_120.mp4,0.55131974169453,0.141505161586495,4
https://www.youtube.com/watch?v=0_mOVTA8V9E,1115.488668,1125.998925,b018c03de_16,utterance_121.mp4,0.525684596852767,0.295933649133546,4
https://www.youtube.com/watch?v=0_mOVTA8V9E,1125.531803,1131.971421,b018c03de_16,utterance_122.mp4,0.545703122720695,0.261219684968996,3
https://www.youtube.com/watch?v=0_mOVTA8V9E,1132.071519,1135.675036,b018c03de_16,utterance_123.mp4,0.57057857232001,0.329778658947273,3
https://www.youtube.com/watch?v=0_mOVTA8V9E,1136.04206,1145.584707,b018c03de_16,utterance_124.mp4,0.480991290944155,0.202727631876648,4
https://www.youtube.com/watch?v=0_mOVTA8V9E,1145.618073,1155.093988,b018c03de_16,utterance_125.mp4,0.451410668550862,0.229112638276343,4
https://www.youtube.com/watch?v=0_mOVTA8V9E,1155.427647,1165.537513,b018c03de_16,utterance_126.mp4,0.497143068942608,0.203667528919122,4
https://www.youtube.com/watch?v=0_mOVTA8V9E,1165.704343,1176.014405,b018c03de_16,utterance_127.mp4,0.480305643088139,0.15761181875712,4
https://www.youtube.com/watch?v=0_mOVTA8V9E,1175.513917,1185.957442,b018c03de_16,utterance_128.mp4,0.502321660293313,0.174521599444801,4
https://www.youtube.com/watch?v=0_mOVTA8V9E,1185.557052,1196.134041,b018c03de_16,utterance_129.mp4,0.501397021319235,0.178809182032306,4
https://www.youtube.com/watch?v=0_mOVTA8V9E,1195.833748,1202.840586,b018c03de_16,utterance_130.mp4,0.518738308403481,0.262680139402655,4
https://www.youtube.com/watch?v=0_mOVTA8V9E,1202.840586,1213.317478,b018c03de_16,utterance_131.mp4,0.616939778402016,0.477534478767169,3
https://www.youtube.com/watch?v=0_mOVTA8V9E,1213.117282,1223.527442,b018c03de_16,utterance_132.mp4,0.58453471351691,0.458016858407177,4
https://www.youtube.com/watch?v=0_mOVTA8V9E,1223.160417,1233.136821,b018c03de_16,utterance_133.mp4,0.493830546302715,0.248109300021707,1
https://www.youtube.com/watch?v=0_mOVTA8V9E,1252.589139,1263.23286,b018c03de_17,utterance_136.mp4,0.588519335992261,0.455242558826005,3
https://www.youtube.com/watch?v=0_mOVTA8V9E,1262.865835,1273.242629,b018c03de_17,utterance_137.mp4,0.515992840732574,0.215959845778744,3
https://www.youtube.com/watch?v=0_mOVTA8V9E,1272.675409,1282.785275,b018c03de_17,utterance_138.mp4,0.528374766016435,0.19948650236422,4
https://www.youtube.com/watch?v=0_mOVTA8V9E,1282.484982,1292.761679,b018c03de_17,utterance_139.mp4,0.528123193732739,0.302990735267575,3
https://www.youtube.com/watch?v=0_mOVTA8V9E,1292.294556,1302.537886,b018c03de_17,utterance_140.mp4,0.531726448482158,0.203124884785029,3
https://www.youtube.com/watch?v=0_mOVTA8V9E,1302.10413,1312.614387,b018c03de_17,utterance_141.mp4,0.519617945996989,0.323235502057066,3
https://www.youtube.com/watch?v=0_mOVTA8V9E,1311.913703,1322.423961,b018c03de_17,utterance_142.mp4,0.524276262685008,0.318710109649231,3
https://www.youtube.com/watch?v=ETc4YqqyPyY,215.3615054,218.5614287,b748addbd_2,utterance_40.mp4,0.288611811322532,-0.182818639073392,2
https://www.youtube.com/watch?v=ETc4YqqyPyY,229.3611698,231.7944449,b748addbd_2,utterance_44.mp4,0.40127606611757,-0.00361514522133645,4
https://www.youtube.com/watch?v=ETc4YqqyPyY,232.1611027,236.0943418,b748addbd_2,utterance_45.mp4,0.431125879843174,0.147826617153657,4
https://www.youtube.com/watch?v=ETc4YqqyPyY,239.6275905,246.5274251,b748addbd_2,utterance_47.mp4,0.430414285982404,0.124229561970853,0
https://www.youtube.com/watch?v=ETc4YqqyPyY,249.4273556,255.7272046,b748addbd_2,utterance_49.mp4,0.453664383591952,0.122534357048413,4
https://www.youtube.com/watch?v=ETc4YqqyPyY,593.5857742,595.9857167,b748addbd_6,utterance_111.mp4,0.502430464711101,0.19807460812693,4
https://www.youtube.com/watch?v=ETc4YqqyPyY,598.9523123,603.052214,b748addbd_6,utterance_113.mp4,0.445985061615564,0.148336526254977,4
https://www.youtube.com/watch?v=ETc4YqqyPyY,603.1522116,605.7188168,b748addbd_6,utterance_114.mp4,0.429742130117436,0.176874835041998,4
https://www.youtube.com/watch?v=ETc4YqqyPyY,608.285422,610.1187114,b748addbd_6,utterance_115.mp4,0.523037138596504,-0.00060808387970035,0
https://www.youtube.com/watch?v=ETc4YqqyPyY,611.7853381,614.4852734,b748addbd_6,utterance_116.mp4,0.465845667834854,0.102378546997227,4
https://www.youtube.com/watch?v=ETc4YqqyPyY,625.0850193,635.5847677,b748addbd_6,utterance_118.mp4,0.455038328222902,0.169121362125431,5
https://www.youtube.com/watch?v=ETc4YqqyPyY,635.1181122,645.2512027,b748addbd_6,utterance_119.mp4,0.393465753218542,0.153246023529849,5
https://www.youtube.com/watch?v=ETc4YqqyPyY,644.6845496,655.1176329,b748addbd_6,utterance_120.mp4,0.31403093153831,0.146826743714555,5
https://www.youtube.com/watch?v=ETc4YqqyPyY,654.7176425,662.6507857,b748addbd_6,utterance_121.mp4,0.436903877804045,0.157677867756396,5
https://www.youtube.com/watch?v=ETc4YqqyPyY,661.9508025,671.8838978,b748addbd_6,utterance_122.mp4,0.51852808682438,0.10887286550546,5
https://www.youtube.com/watch?v=ETc4YqqyPyY,671.5172399,681.9169907,b748addbd_6,utterance_123.mp4,0.500631026091791,0.233892602477152,4
https://www.youtube.com/watch?v=ETc4YqqyPyY,681.317005,691.916751,b748addbd_6,utterance_124.mp4,0.395679162716336,0.157998435822259,5
https://www.youtube.com/watch?v=ETc4YqqyPyY,691.5834257,702.1831716,b748addbd_6,utterance_125.mp4,0.503078299218528,0.254670717805496,5
https://www.youtube.com/watch?v=ETc4YqqyPyY,705.1164347,711.7162765,b748addbd_7,utterance_126.mp4,0.491018112656829,0.389166263369776,3
https://www.youtube.com/watch?v=ETc4YqqyPyY,711.8829392,716.8161543,b748addbd_7,utterance_127.mp4,0.487824947587441,0.354744138237542,3
https://www.youtube.com/watch?v=ETc4YqqyPyY,717.0161495,720.6493957,b748addbd_7,utterance_128.mp4,0.497959214435267,0.170234328238982,3
https://www.youtube.com/watch?v=ETc4YqqyPyY,720.7493933,727.1159074,b748addbd_7,utterance_129.mp4,0.512711882481633,0.282116831829003,1
https://www.youtube.com/watch?v=ETc4YqqyPyY,728.4492088,738.8822921,b748addbd_7,utterance_130.mp4,0.439173383037656,-0.0288950742822866,4
https://www.youtube.com/watch?v=ETc4YqqyPyY,738.2489739,746.8487678,b748addbd_7,utterance_131.mp4,0.491993621319702,0.126977913292401,3
https://www.youtube.com/watch?v=ETc4YqqyPyY,751.3153275,761.1150926,b748addbd_7,utterance_133.mp4,0.471562145996856,0.104091894259388,2
https://www.youtube.com/watch?v=ETc4YqqyPyY,762.5150591,768.4149177,b748addbd_7,utterance_134.mp4,0.414079554867729,0.120351902407176,1
https://www.youtube.com/watch?v=dcLZd61YQ9A,0,9.508147513,be0afeb8c_1,utterance_1.mp4,0.352292306657969,-0.041635517771161,1
https://www.youtube.com/watch?v=dcLZd61YQ9A,9.10780446,19.81698113,be0afeb8c_1,utterance_2.mp4,0.399690079035115,0.0171197740940443,1
https://www.youtube.com/watch?v=dcLZd61YQ9A,19.38327616,29.62538593,be0afeb8c_1,utterance_3.mp4,0.388465099942918,0.0200348143132065,1
https://www.youtube.com/watch?v=dcLZd61YQ9A,29.19168096,38.79991424,be0afeb8c_1,utterance_4.mp4,0.407081436116802,0.056921689776439,1
https://www.youtube.com/watch?v=dcLZd61YQ9A,47.87435678,58.51680961,be0afeb8c_1,utterance_6.mp4,0.376994722837091,-0.0387528204324246,0
https://www.youtube.com/watch?v=dcLZd61YQ9A,58.14982847,66.99073756,be0afeb8c_1,utterance_7.mp4,0.442512567844579,0.0134732854053296,4
https://www.youtube.com/watch?v=dcLZd61YQ9A,66.55703259,76.79914237,be0afeb8c_1,utterance_8.mp4,0.352085300884187,-0.103241067417629,5
https://www.youtube.com/watch?v=dcLZd61YQ9A,76.36543739,86.90780446,be0afeb8c_1,utterance_9.mp4,0.35399875584781,-0.0800335755489776,4
https://www.youtube.com/watch?v=dcLZd61YQ9A,86.40737564,96.6161235,be0afeb8c_1,utterance_10.mp4,0.372420304196128,-0.00726110201539469,4
https://www.youtube.com/watch?v=dcLZd61YQ9A,96.21578045,106.1576329,be0afeb8c_1,utterance_11.mp4,0.386056354351013,0.00995541853935291,4
https://www.youtube.com/watch?v=dcLZd61YQ9A,105.5571184,112.9968268,be0afeb8c_1,utterance_12.mp4,0.318799830598692,-0.177371481922072,4
https://www.youtube.com/watch?v=Qc6FlGIzkbk,29.19487179,39.7467326,bee9cd4cf_1,utterance_4.mp4,0.516466127275233,0.0664382246691209,5
https://www.youtube.com/watch?v=Qc6FlGIzkbk,90.21215385,100.6806007,bee9cd4cf_1,utterance_10.mp4,0.483637646448696,-0.175808700242702,5
https://www.youtube.com/watch?v=Qc6FlGIzkbk,100.430359,110.773685,bee9cd4cf_1,utterance_11.mp4,0.482584679029056,-0.105856330673799,5
https://www.youtube.com/watch?v=Qc6FlGIzkbk,145.974359,156.4845128,bee9cd4cf_1,utterance_16.mp4,0.487266680822904,-0.0614354031050878,5
https://www.youtube.com/watch?v=Qc6FlGIzkbk,165.5349231,172.7502271,bee9cd4cf_1,utterance_18.mp4,0.486528330517616,0.137473369976439,4
https://www.youtube.com/watch?v=Qc6FlGIzkbk,173.1255897,182.7181905,bee9cd4cf_1,utterance_19.mp4,0.481707153362921,0.0982800114688037,5
https://www.youtube.com/watch?v=Qc6FlGIzkbk,200.8607179,211.3708718,bee9cd4cf_1,utterance_22.mp4,0.509173229228674,0.0246379460461848,4
https://www.youtube.com/watch?v=Qc6FlGIzkbk,220.4212821,230.9314359,bee9cd4cf_1,utterance_24.mp4,0.461994761911769,0.0311483648957658,1
https://www.youtube.com/watch?v=Qc6FlGIzkbk,240.2737949,250.7839487,bee9cd4cf_1,utterance_26.mp4,0.50989204813808,0.17142195248141,5
https://www.youtube.com/watch?v=xYimf0N_CjY,3.970606487,7.50744924,c2b9c66f3_1,utterance_3.mp4,0.528211337744236,0.283081023674387,4
https://www.youtube.com/watch?v=xYimf0N_CjY,7.474082799,9.109038411,c2b9c66f3_1,utterance_4.mp4,0.452926989013032,0.218268398906244,4
https://www.youtube.com/watch?v=xYimf0N_CjY,9.342603498,20.1533304,c2b9c66f3_1,utterance_5.mp4,0.436631329220237,0.153027480473791,4
https://www.youtube.com/watch?v=xYimf0N_CjY,19.85303243,30.56366002,c2b9c66f3_1,utterance_6.mp4,0.422657118040988,0.154883924215871,4
https://www.youtube.com/watch?v=xYimf0N_CjY,30.36346137,34.06713633,c2b9c66f3_1,utterance_7.mp4,0.514738687428928,0.245354565112259,4
https://www.youtube.com/watch?v=xYimf0N_CjY,34.10050277,44.71103103,c2b9c66f3_1,utterance_8.mp4,0.493228104597493,0.382343322223895,4
https://www.youtube.com/watch?v=xYimf0N_CjY,54.65423046,65.19802584,c2b9c66f3_1,utterance_10.mp4,0.500954446473403,0.198404657350924,4
https://www.youtube.com/watch?v=xYimf0N_CjY,104.4035941,115.1142217,c2b9c66f3_2,utterance_15.mp4,0.505753851245372,0.314062361658244,4
https://www.youtube.com/watch?v=xYimf0N_CjY,124.0230614,133.8661616,c2b9c66f3_2,utterance_17.mp4,0.516668064031109,0.294667539648531,4
https://www.youtube.com/watch?v=xYimf0N_CjY,134.0663602,144.5767891,c2b9c66f3_2,utterance_18.mp4,0.530805562986622,0.426600377006507,4
https://www.youtube.com/watch?v=xYimf0N_CjY,144.109659,154.5199886,c2b9c66f3_2,utterance_19.mp4,0.543542194675048,0.229231768756279,4
https://www.youtube.com/watch?v=xYimf0N_CjY,184.5164191,195.026848,c2b9c66f3_2,utterance_23.mp4,0.484706404752991,0.178394267706126,4
https://www.youtube.com/watch?v=xYimf0N_CjY,194.5597179,204.7031159,c2b9c66f3_2,utterance_24.mp4,0.508301238150136,0.273645772743913,4
https://www.youtube.com/watch?v=xYimf0N_CjY,204.3694515,214.8798805,c2b9c66f3_2,utterance_25.mp4,0.420278798498825,0.265449561740014,4
https://www.youtube.com/watch?v=xYimf0N_CjY,456.1526158,466.7631441,c2b9c66f3_4,utterance_57.mp4,0.428082386416641,0.237960110677074,3
https://www.youtube.com/watch?v=xYimf0N_CjY,466.1959146,476.8064428,c2b9c66f3_4,utterance_58.mp4,0.483872411828833,0.277229077302614,4
https://www.youtube.com/watch?v=xYimf0N_CjY,476.4727784,486.7830087,c2b9c66f3_4,utterance_59.mp4,0.491095477869269,0.252403102825967,4
https://www.youtube.com/watch?v=xYimf0N_CjY,486.5160772,496.9597732,c2b9c66f3_5,utterance_60.mp4,0.466566068797192,0.124181872164806,4
https://www.youtube.com/watch?v=xYimf0N_CjY,496.3258108,505.0010855,c2b9c66f3_5,utterance_61.mp4,0.480251806186823,0.237494324643318,4
https://www.youtube.com/watch?v=xYimf0N_CjY,504.9677191,515.478148,c2b9c66f3_5,utterance_62.mp4,0.590599728110858,0.23883912804432,4
https://www.youtube.com/watch?v=xYimf0N_CjY,515.0110178,525.2545153,c2b9c66f3_5,utterance_63.mp4,0.537624743378373,0.152478957711293,4
https://www.youtube.com/watch?v=xYimf0N_CjY,524.8207515,535.2644476,c2b9c66f3_5,utterance_64.mp4,0.573284794774662,0.24575404144885,4
https://www.youtube.com/watch?v=xYimf0N_CjY,545.3744792,555.951641,c2b9c66f3_5,utterance_66.mp4,0.563327580995551,0.167132378057042,4
https://www.youtube.com/watch?v=xYimf0N_CjY,555.417778,558.3206583,c2b9c66f3_5,utterance_67.mp4,0.620999053336348,0.694755131042356,4
https://www.youtube.com/watch?v=xYimf0N_CjY,558.6876892,569.2982175,c2b9c66f3_5,utterance_68.mp4,0.490137153384715,0.237138185485479,4
https://www.youtube.com/watch?v=xYimf0N_CjY,589.0511506,599.7617781,c2b9c66f3_6,utterance_71.mp4,0.515808011657583,0.0943017803237302,4
https://www.youtube.com/watch?v=xYimf0N_CjY,609.8384434,620.3488723,c2b9c66f3_6,utterance_73.mp4,0.550088449130984,0.205203133869503,4
https://www.youtube.com/watch?v=xYimf0N_CjY,629.9250409,640.1685383,c2b9c66f3_6,utterance_75.mp4,0.486375252057702,0.317789332697249,4
https://www.youtube.com/watch?v=xYimf0N_CjY,639.7347745,650.4120357,c2b9c66f3_6,utterance_76.mp4,0.417069905044552,0.328211812709688,4
https://www.youtube.com/watch?v=xYimf0N_CjY,650.0116384,653.3482825,c2b9c66f3_6,utterance_77.mp4,0.389578196305318,0.172032047331772,4
https://www.youtube.com/watch?v=cCDtcwU29Uk,104.065772,113.9990199,ca88e9866_2,utterance_9.mp4,0.412623687546561,0.129287688519864,0
https://www.youtube.com/watch?v=cCDtcwU29Uk,113.8656878,124.3989305,ca88e9866_2,utterance_10.mp4,0.461752467068484,0.177402462110068,0
https://www.youtube.com/watch?v=cCDtcwU29Uk,123.6656035,134.2655124,ca88e9866_2,utterance_11.mp4,0.367047444356649,-0.0540339927574055,4
https://www.youtube.com/watch?v=cCDtcwU29Uk,133.9321819,143.7987638,ca88e9866_2,utterance_12.mp4,0.378335134244911,-0.0210684453368689,0
https://www.youtube.com/watch?v=cCDtcwU29Uk,143.265435,153.1986829,ca88e9866_2,utterance_13.mp4,0.489144347146889,0.0726924474021697,0
https://www.youtube.com/watch?v=cCDtcwU29Uk,152.5986881,163.1319309,ca88e9866_2,utterance_14.mp4,0.441804597579806,0.134836430755264,0
https://www.youtube.com/watch?v=oUV3mAPoQvo,376.741673,387.1520354,d4c1c74d6_3,utterance_40.mp4,0.466694926830222,0.376816741347668,3
https://www.youtube.com/watch?v=oUV3mAPoQvo,387.9528325,398.062896,d4c1c74d6_3,utterance_41.mp4,0.477926348285209,0.397718068152143,3
https://www.youtube.com/watch?v=oUV3mAPoQvo,397.5290313,407.9393937,d4c1c74d6_3,utterance_42.mp4,0.504787120491061,0.259806304204862,3
https://www.youtube.com/watch?v=oUV3mAPoQvo,407.8059275,418.6166885,d4c1c74d6_3,utterance_43.mp4,0.503141028270829,0.313790705677638,4
https://www.youtube.com/watch?v=oUV3mAPoQvo,418.0828237,428.4931862,d4c1c74d6_3,utterance_44.mp4,0.471466470285949,0.378547150300582,4
https://www.youtube.com/watch?v=oUV3mAPoQvo,428.1261541,438.4697835,d4c1c74d6_3,utterance_45.mp4,0.527924567804523,0.346735775741389,3
https://www.youtube.com/watch?v=oUV3mAPoQvo,437.9359187,448.5464804,d4c1c74d6_3,utterance_46.mp4,0.530229350959823,0.223231697630474,3
https://www.youtube.com/watch?v=oUV3mAPoQvo,458.2561454,468.9668067,d4c1c74d6_4,utterance_48.mp4,0.473552893411838,0.267866487114553,3
https://www.youtube.com/watch?v=oUV3mAPoQvo,468.5330416,478.943404,d4c1c74d6_4,utterance_49.mp4,0.48354799166049,0.332173322964339,4
https://www.youtube.com/watch?v=oUV3mAPoQvo,478.3428062,488.8199017,d4c1c74d6_4,utterance_50.mp4,0.501586889091124,0.303316751667557,4
https://www.youtube.com/watch?v=oUV3mAPoQvo,488.3861366,498.2626342,d4c1c74d6_4,utterance_51.mp4,0.468944482815163,0.220306951493029,4
https://www.youtube.com/watch?v=oUV3mAPoQvo,497.9623353,508.572897,d4c1c74d6_4,utterance_52.mp4,0.531450513981151,0.368552211266484,4
https://www.youtube.com/watch?v=oUV3mAPoQvo,508.0056657,518.5494943,d4c1c74d6_4,utterance_53.mp4,0.489071003357327,0.348676910280417,3
https://www.youtube.com/watch?v=oUV3mAPoQvo,518.2825619,528.8931236,d4c1c74d6_4,utterance_54.mp4,0.504300804886629,0.405907386892017,3
https://www.youtube.com/watch?v=oUV3mAPoQvo,528.3258924,538.5360555,d4c1c74d6_4,utterance_55.mp4,0.499322912845595,0.347604846873712,4
https://www.youtube.com/watch?v=oUV3mAPoQvo,538.1356569,548.6127524,d4c1c74d6_4,utterance_56.mp4,0.471091737422968,0.276834334971853,3
https://www.youtube.com/watch?v=oUV3mAPoQvo,548.1789873,558.7228159,d4c1c74d6_4,utterance_57.mp4,0.488507650157501,0.217388526539551,3
https://www.youtube.com/watch?v=oUV3mAPoQvo,558.2223177,568.5325805,d4c1c74d6_4,utterance_58.mp4,0.45833061324509,0.283549746607865,4
https://www.youtube.com/watch?v=oUV3mAPoQvo,635.7661711,646.2766331,d4c1c74d6_6,utterance_66.mp4,0.508495087695129,0.2772773382966,5
https://www.youtube.com/watch?v=oUV3mAPoQvo,645.8095015,656.2532304,d4c1c74d6_6,utterance_67.mp4,0.464836394218662,0.303509384613313,1
https://www.youtube.com/watch?v=oUV3mAPoQvo,655.8528319,666.0963616,d4c1c74d6_6,utterance_68.mp4,0.477706942041565,0.295939070240913,4
https://www.youtube.com/watch?v=oUV3mAPoQvo,665.6625965,676.1063254,d4c1c74d6_6,utterance_69.mp4,0.504877221813924,0.290175255105983,4
https://www.youtube.com/watch?v=oUV3mAPoQvo,675.7059269,686.0829227,d4c1c74d6_6,utterance_70.mp4,0.502273036915211,0.294488321248353,3
https://www.youtube.com/watch?v=oUV3mAPoQvo,685.5156914,695.9594204,d4c1c74d6_6,utterance_71.mp4,0.512564872095804,0.245620039836294,4
https://www.youtube.com/watch?v=oUV3mAPoQvo,695.5590218,705.9026512,d4c1c74d6_6,utterance_72.mp4,0.481040568172332,0.220244473733394,4
https://www.youtube.com/watch?v=oUV3mAPoQvo,705.3687864,715.7457823,d4c1c74d6_6,utterance_73.mp4,0.500510138125191,0.244907944824573,4
https://www.youtube.com/watch?v=oUV3mAPoQvo,715.178551,724.3209847,d4c1c74d6_6,utterance_74.mp4,0.497096747180318,0.254732722502218,4
https://www.youtube.com/watch?v=oUV3mAPoQvo,724.0540523,734.5311478,d4c1c74d6_6,utterance_75.mp4,0.491241001091265,0.274404612121732,4
https://www.youtube.com/watch?v=oUV3mAPoQvo,734.0973827,744.6078447,d4c1c74d6_6,utterance_76.mp4,0.465112314660899,0.286105817823183,4
https://www.youtube.com/watch?v=oUV3mAPoQvo,744.1407131,748.8453961,d4c1c74d6_6,utterance_77.mp4,0.488394314319697,0.215351054954535,4
https://www.youtube.com/watch?v=oUV3mAPoQvo,916.5122907,926.2219557,d4c1c74d6_8,utterance_96.mp4,0.467828965167559,0.279203670219476,4
https://www.youtube.com/watch?v=oUV3mAPoQvo,926.0884895,936.4988519,d4c1c74d6_8,utterance_97.mp4,0.483966663181525,0.348868296947842,4
https://www.youtube.com/watch?v=oUV3mAPoQvo,936.1318199,946.5421823,d4c1c74d6_8,utterance_98.mp4,0.493592017262826,0.316601765784797,3
https://www.youtube.com/watch?v=oUV3mAPoQvo,945.9415844,956.1851141,d4c1c74d6_8,utterance_99.mp4,0.570598214951333,0.3947639078378,3
https://www.youtube.com/watch?v=oUV3mAPoQvo,955.9849149,966.5287434,d4c1c74d6_8,utterance_100.mp4,0.457780613488293,0.280651231871361,3
https://www.youtube.com/watch?v=oUV3mAPoQvo,966.0282453,976.5720738,d4c1c74d6_9,utterance_101.mp4,0.456918119486019,0.200432395435472,3
https://www.youtube.com/watch?v=oUV3mAPoQvo,976.3051415,986.7155039,d4c1c74d6_9,utterance_102.mp4,0.484046326260951,0.276943582147634,3
https://www.youtube.com/watch?v=oUV3mAPoQvo,986.1149061,996.6587347,d4c1c74d6_9,utterance_103.mp4,0.496050626787709,0.251179240585859,3
https://www.youtube.com/watch?v=oUV3mAPoQvo,996.1582365,998.2603289,d4c1c74d6_9,utterance_104.mp4,0.412066436797228,0.274723960975286,3
https://www.youtube.com/watch?v=oUV3mAPoQvo,998.4938947,1008.170193,d4c1c74d6_9,utterance_105.mp4,0.497605799925464,0.408476123298173,3
https://www.youtube.com/watch?v=oUV3mAPoQvo,1007.836528,1018.480456,d4c1c74d6_9,utterance_106.mp4,0.518465970158109,0.335342403971902,4
https://www.youtube.com/watch?v=oUV3mAPoQvo,1017.879858,1024.6199,d4c1c74d6_9,utterance_107.mp4,0.522602402032868,0.319425267407887,4
https://www.youtube.com/watch?v=inlGEqc0_6Y,0.233315217,10.69916925,d17ca4a42_1,utterance_1.mp4,0.499172978741624,0.389377544900045,3
https://www.youtube.com/watch?v=inlGEqc0_6Y,20.0651087,30.66428571,d17ca4a42_1,utterance_3.mp4,0.467458113588124,0.276300110135269,3
https://www.youtube.com/watch?v=inlGEqc0_6Y,30.09766304,37.79706522,d17ca4a42_1,utterance_4.mp4,0.609783970979535,0.68647106000339,3
https://www.youtube.com/watch?v=inlGEqc0_6Y,40.83016304,45.02983696,d17ca4a42_1,utterance_5.mp4,0.449641536012594,0.260322039464056,3
https://www.youtube.com/watch?v=inlGEqc0_6Y,45.26315217,49.06285714,d17ca4a42_1,utterance_6.mp4,0.40426051265756,0.15066030417862,3
https://www.youtube.com/watch?v=inlGEqc0_6Y,49.46282609,57.16222826,d17ca4a42_1,utterance_7.mp4,0.52682815004274,0.109811733462865,3
https://www.youtube.com/watch?v=inlGEqc0_6Y,57.16222826,61.46189441,d17ca4a42_1,utterance_8.mp4,0.417476682463003,-0.0500675665076819,0
https://www.youtube.com/watch?v=inlGEqc0_6Y,61.59521739,63.22842391,d17ca4a42_1,utterance_9.mp4,0.394971069563249,-0.148204994725503,0
https://www.youtube.com/watch?v=inlGEqc0_6Y,63.46173913,74.06091615,d17ca4a42_1,utterance_10.mp4,0.356637960891961,-0.0672470289477752,6
https://www.youtube.com/watch?v=inlGEqc0_6Y,73.49429348,84.26012422,d17ca4a42_1,utterance_11.mp4,0.425285868774482,-0.0192677087393155,0
https://www.youtube.com/watch?v=inlGEqc0_6Y,94.25934783,97.75907609,d17ca4a42_1,utterance_13.mp4,0.4018873682713,-0.0269026698568041,0
https://www.youtube.com/watch?v=inlGEqc0_6Y,100.3255435,110.6914053,d17ca4a42_1,utterance_15.mp4,0.544374743106748,0.321696226690085,0
https://www.youtube.com/watch?v=inlGEqc0_6Y,110.3580978,120.7572904,d17ca4a42_1,utterance_16.mp4,0.522483271423679,0.162359032040643,3
https://www.youtube.com/watch?v=inlGEqc0_6Y,120.157337,128.3900311,d17ca4a42_1,utterance_17.mp4,0.462851637687668,-0.0129077179664318,6
https://www.youtube.com/watch?v=bEk8ePZWYtI,282.5602882,285.9602114,d51aee260_1,utterance_60.mp4,0.485216338410478,0.0163621233823897,4
https://www.youtube.com/watch?v=bEk8ePZWYtI,286.0602092,288.8934786,d51aee260_1,utterance_61.mp4,0.472539690445002,0.0285642417715368,4
https://www.youtube.com/watch?v=bEk8ePZWYtI,289.093474,292.8267231,d51aee260_1,utterance_62.mp4,0.361117697645438,-0.135185155733567,3
https://www.youtube.com/watch?v=bEk8ePZWYtI,294.4600196,297.6599473,d51aee260_1,utterance_63.mp4,0.466153171350486,0.139341665613134,0
https://www.youtube.com/watch?v=bEk8ePZWYtI,298.8932528,301.9265177,d51aee260_1,utterance_64.mp4,0.456658905116256,-0.054808735923837,0
https://www.youtube.com/watch?v=bEk8ePZWYtI,302.1598457,304.7931196,d51aee260_1,utterance_65.mp4,0.500250369830469,0.0494157711920424,0
https://www.youtube.com/watch?v=HZF8SXDoFGM,170.9535527,181.5630824,d81007915_3,utterance_25.mp4,0.534496360674907,0.309349989607577,4
https://www.youtube.com/watch?v=HZF8SXDoFGM,181.2294493,191.6387992,d81007915_3,utterance_26.mp4,0.648082408459672,0.368363284939737,3
https://www.youtube.com/watch?v=HZF8SXDoFGM,191.0382598,201.5810628,d81007915_3,utterance_27.mp4,0.513751468555732,-0.0288395176671241,4
https://www.youtube.com/watch?v=HZF8SXDoFGM,201.0806133,207.5530936,d81007915_3,utterance_28.mp4,0.593024344146964,0.418413229853126,4
https://www.youtube.com/watch?v=JRM-_ZYG79o,0.472790055,2.262638122,dc8197a99_1,utterance_1.mp4,0.579370658377359,0.273585923635317,3
https://www.youtube.com/watch?v=JRM-_ZYG79o,2.363950276,3.883632597,dc8197a99_1,utterance_2.mp4,0.371627281353526,0.23125504377515,3
https://www.youtube.com/watch?v=JRM-_ZYG79o,4.255110497,11.78598066,dc8197a99_1,utterance_3.mp4,0.448342147398544,0.377091787939005,3
https://www.youtube.com/watch?v=JRM-_ZYG79o,13.23812155,17.99979282,dc8197a99_1,utterance_4.mp4,0.446427102794908,0.392089194820587,3
https://www.youtube.com/watch?v=JRM-_ZYG79o,18.91160221,23.23425414,dc8197a99_1,utterance_5.mp4,0.442994665555317,0.380508327479911,3
https://www.youtube.com/watch?v=HDoSPSU_OZU,265.5297039,267.4963437,dce7e5d5f_2,utterance_56.mp4,0.445774142590112,0.0535898129778343,3
https://www.youtube.com/watch?v=HDoSPSU_OZU,267.6296752,278.3961947,dce7e5d5f_2,utterance_57.mp4,0.488515164304234,0.0547442688749165,3
https://www.youtube.com/watch?v=HDoSPSU_OZU,277.8962016,287.1294087,dce7e5d5f_2,utterance_58.mp4,0.449524954730385,0.269495028995053,3
https://www.youtube.com/watch?v=HDoSPSU_OZU,495.593226,506.1930811,dce7e5d5f_5,utterance_94.mp4,0.599347826434964,-0.205209294642598,0
https://www.youtube.com/watch?v=HDoSPSU_OZU,505.6264222,507.859725,dce7e5d5f_5,utterance_95.mp4,0.597515438396737,-0.080606606621217,0
https://www.youtube.com/watch?v=HDoSPSU_OZU,518.22625,524.3261666,dce7e5d5f_5,utterance_97.mp4,0.558605119324123,0.220553317572169,0
https://www.youtube.com/watch?v=HDoSPSU_OZU,636.524633,639.3245947,dce7e5d5f_8,utterance_115.mp4,0.458272780808363,0.102453252599403,0
https://www.youtube.com/watch?v=HDoSPSU_OZU,641.424566,643.8578661,dce7e5d5f_8,utterance_116.mp4,0.492316133148808,0.0579919585158579,3
https://www.youtube.com/watch?v=HDoSPSU_OZU,651.9244225,654.9577144,dce7e5d5f_8,utterance_117.mp4,0.452741522768293,0.131485699445828,0
https://www.youtube.com/watch?v=HDoSPSU_OZU,655.4243747,658.1243378,dce7e5d5f_8,utterance_118.mp4,0.494637328504233,0.155858184447353,0
https://www.youtube.com/watch?v=HDoSPSU_OZU,659.8576474,670.3908368,dce7e5d5f_8,utterance_120.mp4,0.513364773652494,0.178250476872623,0
https://www.youtube.com/watch?v=HDoSPSU_OZU,676.8907479,680.3240343,dce7e5d5f_9,utterance_123.mp4,0.443140442603758,0.0439441424174689,0
https://www.youtube.com/watch?v=HDoSPSU_OZU,692.0572073,694.0905128,dce7e5d5f_9,utterance_126.mp4,0.471847984316766,0.0802598661792129,0
https://www.youtube.com/watch?v=HDoSPSU_OZU,695.0904992,697.5571321,dce7e5d5f_9,utterance_127.mp4,0.37306251764084,0.0857366682600025,0
https://www.youtube.com/watch?v=HDoSPSU_OZU,698.5904513,700.2904281,dce7e5d5f_9,utterance_128.mp4,0.453571771724046,0.0588400106062537,0
https://www.youtube.com/watch?v=HDoSPSU_OZU,704.1903748,708.0903215,dce7e5d5f_9,utterance_129.mp4,0.442398274392573,0.0752836505882239,2
https://www.youtube.com/watch?v=HDoSPSU_OZU,709.0903078,710.39029,dce7e5d5f_9,utterance_130.mp4,0.526736449560429,-0.350331896896102,2
https://www.youtube.com/watch?v=HDoSPSU_OZU,717.0235327,718.5235122,dce7e5d5f_9,utterance_132.mp4,0.424653305919461,0.0485290311219773,2
https://www.youtube.com/watch?v=HDoSPSU_OZU,719.8234944,721.2568082,dce7e5d5f_9,utterance_133.mp4,0.469472983071678,0.0822410640303468,2
https://www.youtube.com/watch?v=HDoSPSU_OZU,729.8566906,731.2566715,dce7e5d5f_9,utterance_134.mp4,0.477259730619583,0.156278809332767,2
https://www.youtube.com/watch?v=HDoSPSU_OZU,731.4900016,733.8899688,dce7e5d5f_9,utterance_135.mp4,0.484547856732976,0.195737166492137,2
https://www.youtube.com/watch?v=HDoSPSU_OZU,737.7899155,740.0232183,dce7e5d5f_9,utterance_136.mp4,0.465385860564327,0.132716088622007,2
https://www.youtube.com/watch?v=HDoSPSU_OZU,1001.219648,1004.552936,dce7e5d5f_14,utterance_183.mp4,0.445634156309154,-0.165258977001119,3
https://www.youtube.com/watch?v=HDoSPSU_OZU,1021.05271,1024.086002,dce7e5d5f_14,utterance_187.mp4,0.354314172138121,0.0432739134750795,5
https://www.youtube.com/watch?v=HDoSPSU_OZU,1030.852576,1033.652538,dce7e5d5f_14,utterance_189.mp4,0.367625449708107,0.137857091794414,3
https://www.youtube.com/watch?v=HDoSPSU_OZU,1034.119198,1044.952384,dce7e5d5f_14,utterance_190.mp4,0.42461387602437,0.137322391968395,3
https://www.youtube.com/watch?v=HDoSPSU_OZU,1048.585667,1051.752291,dce7e5d5f_14,utterance_192.mp4,0.402986714229291,-0.106901870811946,3
https://www.youtube.com/watch?v=HDoSPSU_OZU,1078.451926,1081.651882,dce7e5d5f_15,utterance_197.mp4,0.195735187157283,0.187508919653697,4
https://www.youtube.com/watch?v=HDoSPSU_OZU,1081.718548,1091.985074,dce7e5d5f_15,utterance_198.mp4,0.412574245363355,0.280114256175577,3
https://www.youtube.com/watch?v=HDoSPSU_OZU,1091.518414,1101.818273,dce7e5d5f_15,utterance_199.mp4,0.417353239149199,0.375472017250906,3
https://www.youtube.com/watch?v=HDoSPSU_OZU,1101.55161,1112.084799,dce7e5d5f_15,utterance_200.mp4,0.480905570251038,0.28681740858859,0
https://www.youtube.com/watch?v=HDoSPSU_OZU,1111.584806,1121.984664,dce7e5d5f_15,utterance_201.mp4,0.388052651804975,0.205795347955846,4
https://www.youtube.com/watch?v=HDoSPSU_OZU,1121.851333,1129.717892,dce7e5d5f_15,utterance_202.mp4,0.226213930567545,0.46053710520978,4
https://www.youtube.com/watch?v=HDoSPSU_OZU,1130.017888,1140.58441,dce7e5d5f_15,utterance_203.mp4,0.32156996789566,0.260978834484932,4
https://www.youtube.com/watch?v=HDoSPSU_OZU,1142.151055,1143.517703,dce7e5d5f_16,utterance_205.mp4,0.414908928272587,0.0935385610315808,3
https://www.youtube.com/watch?v=HDoSPSU_OZU,1143.551036,1145.751006,dce7e5d5f_16,utterance_206.mp4,0.42177533920594,-0.305416608109807,3
https://www.youtube.com/watch?v=HDoSPSU_OZU,1146.350998,1152.250917,dce7e5d5f_16,utterance_207.mp4,0.407352553589482,-0.0197894036323892,3
https://www.youtube.com/watch?v=HDoSPSU_OZU,1154.284223,1159.050824,dce7e5d5f_16,utterance_209.mp4,0.366373969671759,-0.126845478478797,3
https://www.youtube.com/watch?v=HDoSPSU_OZU,1159.417486,1162.584109,dce7e5d5f_16,utterance_210.mp4,0.370626654476554,-0.147203867063521,3
https://www.youtube.com/watch?v=HDoSPSU_OZU,1182.05051,1191.883709,dce7e5d5f_17,utterance_213.mp4,0.357958322700646,-0.00286589610801502,3
https://www.youtube.com/watch?v=HDoSPSU_OZU,1191.383716,1201.983571,dce7e5d5f_17,utterance_214.mp4,0.354288346322712,-0.0714426849847024,3
https://www.youtube.com/watch?v=HDoSPSU_OZU,1201.650242,1212.183431,dce7e5d5f_17,utterance_215.mp4,0.333510261628123,0.0916955523923357,4
https://www.youtube.com/watch?v=HDoSPSU_OZU,1211.450108,1218.983338,dce7e5d5f_17,utterance_216.mp4,0.333915571783737,-0.0732632335039665,4
https://www.youtube.com/watch?v=DXqURW39_x0,775.1244638,781.6243894,e3b57cfd8_8,utterance_125.mp4,0.47494656513901,0.295969105873007,4
https://www.youtube.com/watch?v=DXqURW39_x0,792.6242635,794.8909043,e3b57cfd8_8,utterance_127.mp4,0.484754116320632,0.3542985704646,3
https://www.youtube.com/watch?v=DXqURW39_x0,795.8908928,800.7908367,e3b57cfd8_8,utterance_128.mp4,0.422580818070745,0.185656596372367,3
https://www.youtube.com/watch?v=DXqURW39_x0,801.9574901,806.2907738,e3b57cfd8_8,utterance_129.mp4,0.515645100589799,0.297209558046131,3
https://www.youtube.com/watch?v=DXqURW39_x0,806.6241033,814.0573516,e3b57cfd8_8,utterance_130.mp4,0.440450661228165,0.301256797376388,4
https://www.youtube.com/watch?v=DXqURW39_x0,814.3240152,822.2239248,e3b57cfd8_8,utterance_131.mp4,0.440842279634026,-0.0898012192859293,3
https://www.youtube.com/watch?v=DXqURW39_x0,822.4905884,826.0905472,e3b57cfd8_8,utterance_132.mp4,0.358171801310842,0.238954624934705,4
https://www.youtube.com/watch?v=DXqURW39_x0,827.1572017,830.5904958,e3b57cfd8_8,utterance_133.mp4,0.505295603915317,0.435628879360328,3
https://www.youtube.com/watch?v=DXqURW39_x0,831.123823,837.2237532,e3b57cfd8_8,utterance_134.mp4,0.466407419576961,0.0677856931448114,4
https://www.youtube.com/watch?v=DXqURW39_x0,837.4237509,840.090387,e3b57cfd8_8,utterance_135.mp4,0.414148401724132,0.0549086833014467,3
https://www.youtube.com/watch?v=DXqURW39_x0,840.4570495,843.4903481,e3b57cfd8_8,utterance_136.mp4,0.402266263175887,0.152123990858843,4
https://www.youtube.com/watch?v=DXqURW39_x0,843.7236788,844.9236651,e3b57cfd8_8,utterance_137.mp4,0.492465773225062,-0.372886796564765,4
https://www.youtube.com/watch?v=DXqURW39_x0,852.3569134,855.2568802,e3b57cfd8_8,utterance_141.mp4,0.465657237482615,0.271478678458929,4
https://www.youtube.com/watch?v=DXqURW39_x0,855.6235426,857.456855,e3b57cfd8_8,utterance_142.mp4,0.667804668745117,0.567939946935044,3
https://www.youtube.com/watch?v=DXqURW39_x0,859.5901639,861.9901365,e3b57cfd8_8,utterance_144.mp4,0.554305128247903,0.793621102082888,3
https://www.youtube.com/watch?v=DXqURW39_x0,862.8567932,866.1900884,e3b57cfd8_8,utterance_145.mp4,0.649406384544456,0.338373973788943,3
https://www.youtube.com/watch?v=DXqURW39_x0,869.6233824,872.7900129,e3b57cfd8_8,utterance_147.mp4,0.509037024108368,0.375000558176882,0
https://www.youtube.com/watch?v=qmaZOI3-6WE,9.808359257,20.18386854,e5b3e64f8_1,utterance_2.mp4,0.486825150387741,0.415511236543985,3
https://www.youtube.com/watch?v=qmaZOI3-6WE,19.85025088,30.45929252,e5b3e64f8_1,utterance_3.mp4,0.454601542518091,0.488390061722662,3
https://www.youtube.com/watch?v=qmaZOI3-6WE,30.12567486,34.86304566,e5b3e64f8_1,utterance_4.mp4,0.48824782247688,0.460159208990179,4
https://www.youtube.com/watch?v=qmaZOI3-6WE,34.79632213,45.33864024,e5b3e64f8_1,utterance_5.mp4,0.460020732328571,0.34394309706067,4
https://www.youtube.com/watch?v=qmaZOI3-6WE,45.07174611,52.41133467,e5b3e64f8_1,utterance_6.mp4,0.508643878171076,0.571457521634164,4
https://www.youtube.com/watch?v=qmaZOI3-6WE,52.54478174,63.15382338,e5b3e64f8_1,utterance_7.mp4,0.464230728168055,0.229843541283386,4
https://www.youtube.com/watch?v=qmaZOI3-6WE,62.82020572,73.32916207,e5b3e64f8_1,utterance_8.mp4,0.529374578215677,0.367536407265122,3
https://www.youtube.com/watch?v=qmaZOI3-6WE,72.86209734,82.97071249,e5b3e64f8_1,utterance_9.mp4,0.444057491627694,0.321339427140792,4
https://www.youtube.com/watch?v=qmaZOI3-6WE,92.47881586,102.9210487,e5b3e64f8_1,utterance_11.mp4,0.457291527641211,0.3806603351595,4
https://www.youtube.com/watch?v=qmaZOI3-6WE,102.5207075,112.9629403,e5b3e64f8_1,utterance_12.mp4,0.496600134266193,0.38380506345609,3
https://www.youtube.com/watch?v=qmaZOI3-6WE,112.7961315,123.3050878,e5b3e64f8_1,utterance_13.mp4,0.426767391128032,0.305697088760701,4
https://www.youtube.com/watch?v=qmaZOI3-6WE,122.6044907,132.8131912,e5b3e64f8_1,utterance_14.mp4,0.454430185814457,0.305098230046765,3
https://www.youtube.com/watch?v=L_YfBl9X0DM,2.043227176,12.59295117,eefdeb291_1,utterance_1.mp4,0.482935915677442,0.410245866132191,3
https://www.youtube.com/watch?v=L_YfBl9X0DM,22.18360934,32.77503185,eefdeb291_1,utterance_3.mp4,0.419549587493028,0.41235623934316,0
https://www.youtube.com/watch?v=L_YfBl9X0DM,32.39974522,42.9077707,eefdeb291_1,utterance_4.mp4,0.471632772445288,0.382601808747275,3
https://www.youtube.com/watch?v=L_YfBl9X0DM,42.6158811,52.95711253,eefdeb291_1,utterance_5.mp4,0.498548328833863,0.40801334851611,4
https://www.youtube.com/watch?v=L_YfBl9X0DM,52.24823779,62.50607219,eefdeb291_1,utterance_6.mp4,0.405448189524697,0.311283381948333,3
https://www.youtube.com/watch?v=L_YfBl9X0DM,62.17248408,72.68050955,eefdeb291_1,utterance_7.mp4,0.453357748290908,0.350930098886127,4
https://www.youtube.com/watch?v=L_YfBl9X0DM,72.09673036,81.93757962,eefdeb291_1,utterance_8.mp4,0.459854954183787,-0.0431201990129404,4
https://www.youtube.com/watch?v=L_YfBl9X0DM,81.43719745,91.94522293,eefdeb291_1,utterance_9.mp4,0.435150971777749,0.392116483103609,1
https://www.youtube.com/watch?v=L_YfBl9X0DM,91.65333333,96.94904459,eefdeb291_1,utterance_10.mp4,0.507642742792179,0.31773536025674,3
https://www.youtube.com/watch?v=_rQlbCjboJ4,10.0431354,20.1196367,f1f277e5d_1,utterance_2.mp4,0.499549928386277,0.436788371642863,4
https://www.youtube.com/watch?v=_rQlbCjboJ4,19.85270951,30.32960159,f1f277e5d_1,utterance_3.mp4,0.635834220513863,0.569241583687454,1
https://www.youtube.com/watch?v=_rQlbCjboJ4,29.89584491,33.09897115,f1f277e5d_1,utterance_4.mp4,0.501247080024837,0.369517650489046,4
https://www.youtube.com/watch?v=_rQlbCjboJ4,33.39926423,42.34132499,f1f277e5d_1,utterance_5.mp4,0.44715642478396,0.27162111619682,3
https://www.youtube.com/watch?v=_rQlbCjboJ4,42.74171577,53.21860785,f1f277e5d_1,utterance_6.mp4,0.501666351498402,0.531729057607039,0
https://www.youtube.com/watch?v=_rQlbCjboJ4,53.01841246,63.32847504,f1f277e5d_1,utterance_7.mp4,0.492295679504269,0.307935277502558,0
https://www.youtube.com/watch?v=_rQlbCjboJ4,62.82798657,69.40106854,f1f277e5d_1,utterance_8.mp4,0.463197154039002,0.159479636221475,0
https://www.youtube.com/watch?v=_rQlbCjboJ4,69.36770264,72.60419478,f1f277e5d_1,utterance_9.mp4,0.432771825358709,0.370583128991427,2
https://www.youtube.com/watch?v=_rQlbCjboJ4,72.87112197,74.70624637,f1f277e5d_1,utterance_10.mp4,0.356165086143735,0.12200579825165,3
https://www.youtube.com/watch?v=_rQlbCjboJ4,74.73961227,85.08304076,f1f277e5d_1,utterance_11.mp4,0.431145448761224,0.308701806201754,5
https://www.youtube.com/watch?v=_rQlbCjboJ4,84.78274767,95.35973744,f1f277e5d_1,utterance_12.mp4,0.505348921171684,0.472673203661689,3
https://www.youtube.com/watch?v=_rQlbCjboJ4,94.82588307,99.59720653,f1f277e5d_1,utterance_13.mp4,0.601037355993461,0.518180564245244,3
https://www.youtube.com/watch?v=_rQlbCjboJ4,99.73067013,102.6668692,f1f277e5d_1,utterance_14.mp4,0.445650024707823,0.400133657676958,1
https://www.youtube.com/watch?v=_rQlbCjboJ4,103.0005282,113.5775179,f1f277e5d_1,utterance_15.mp4,0.544275830530384,0.486232080752825,3
https://www.youtube.com/watch?v=_rQlbCjboJ4,113.0436636,116.7139124,f1f277e5d_1,utterance_16.mp4,0.62468542050628,0.806371813162804,4
https://www.youtube.com/watch?v=_rQlbCjboJ4,117.2477668,126.6569501,f1f277e5d_1,utterance_17.mp4,0.54566321123057,0.405847977485587,4
https://www.youtube.com/watch?v=_rQlbCjboJ4,127.0573409,137.5675988,f1f277e5d_1,utterance_18.mp4,0.532072361848715,0.373361137166976,2
https://www.youtube.com/watch?v=_rQlbCjboJ4,137.1004763,147.2437094,f1f277e5d_1,utterance_19.mp4,0.527976105152834,0.371449166586273,2
https://www.youtube.com/watch?v=_rQlbCjboJ4,146.6764891,156.9865517,f1f277e5d_1,utterance_20.mp4,0.580351689838957,0.549118871767433,0
https://www.youtube.com/watch?v=_rQlbCjboJ4,156.4860632,166.8628576,f1f277e5d_2,utterance_21.mp4,0.478851746562151,0.310387753116278,3
https://www.youtube.com/watch?v=_rQlbCjboJ4,166.5291986,176.8726271,f1f277e5d_2,utterance_22.mp4,0.541669564924734,0.393722064830859,4
https://www.youtube.com/watch?v=_rQlbCjboJ4,176.3387727,186.6822012,f1f277e5d_2,utterance_23.mp4,0.568466646314193,0.551074158184072,1
https://www.youtube.com/watch?v=_rQlbCjboJ4,226.0873271,236.6976828,f1f277e5d_4,utterance_28.mp4,0.527513914500975,0.531255880818097,4
https://www.youtube.com/watch?v=_rQlbCjboJ4,236.5975851,244.6387666,f1f277e5d_4,utterance_29.mp4,0.45584724109502,0.361394296111425,3
https://www.youtube.com/watch?v=_rQlbCjboJ4,245.4729141,256.0165379,f1f277e5d_4,utterance_30.mp4,0.784894393350586,0.838259304761431,3
https://www.youtube.com/watch?v=_rQlbCjboJ4,255.5160495,265.9595756,f1f277e5d_4,utterance_31.mp4,0.4499077332426,0.301308649732698,3
https://www.youtube.com/watch?v=_rQlbCjboJ4,265.5591849,267.9281636,f1f277e5d_4,utterance_32.mp4,0.514613525473799,0.388149263111803,4
https://www.youtube.com/watch?v=_rQlbCjboJ4,267.8947977,271.8987055,f1f277e5d_4,utterance_33.mp4,0.617722603918841,0.642076403942282,3
https://www.youtube.com/watch?v=_rQlbCjboJ4,272.3324622,282.8427202,f1f277e5d_4,utterance_34.mp4,0.397055660161696,0.30553727916769,4
https://www.youtube.com/watch?v=_rQlbCjboJ4,284.0105266,289.1822409,f1f277e5d_5,utterance_35.mp4,0.332566765183081,-0.0383893236859851,4
https://www.youtube.com/watch?v=_rQlbCjboJ4,289.3824363,295.5884934,f1f277e5d_5,utterance_36.mp4,0.53292979996851,0.141759183501267,4
https://www.youtube.com/watch?v=_rQlbCjboJ4,295.6885911,306.1321172,f1f277e5d_5,utterance_37.mp4,0.613058912311626,0.573255707704168,3
https://www.youtube.com/watch?v=_rQlbCjboJ4,306.198849,313.6394444,f1f277e5d_5,utterance_38.mp4,0.454122367672608,0.319937991003769,4
https://www.youtube.com/watch?v=_rQlbCjboJ4,313.9063715,318.7444268,f1f277e5d_5,utterance_39.mp4,0.520386988586155,0.619476178481014,3
https://www.youtube.com/watch?v=_rQlbCjboJ4,318.8111586,323.3489208,f1f277e5d_5,utterance_40.mp4,0.519810801356189,0.353475305058718,3
https://www.youtube.com/watch?v=_rQlbCjboJ4,323.7159457,327.2527309,f1f277e5d_5,utterance_41.mp4,0.550399979294033,0.363491350591513,3
https://www.youtube.com/watch?v=_rQlbCjboJ4,327.6864876,338.2301114,f1f277e5d_5,utterance_42.mp4,0.516102517712425,0.420044925781183,4
https://www.youtube.com/watch?v=_rQlbCjboJ4,337.9631842,348.4734422,f1f277e5d_5,utterance_43.mp4,0.636588978849992,0.42085906493818,4
https://www.youtube.com/watch?v=_rQlbCjboJ4,672.1893879,678.061786,f1f277e5d_8,utterance_90.mp4,0.460278540797441,0.312148430226732,4
https://www.youtube.com/watch?v=_rQlbCjboJ4,678.2619814,688.4719463,f1f277e5d_8,utterance_91.mp4,0.440957326076966,0.391835085633191,3
https://www.youtube.com/watch?v=_rQlbCjboJ4,688.3051168,691.5749748,f1f277e5d_8,utterance_92.mp4,0.668950693729122,0.806938587973137,4
https://www.youtube.com/watch?v=_rQlbCjboJ4,691.8085361,700.7505969,f1f277e5d_8,utterance_93.mp4,0.671513243870199,0.724518676883761,3
https://www.youtube.com/watch?v=_rQlbCjboJ4,701.1509876,711.6612456,f1f277e5d_8,utterance_94.mp4,0.496800089801688,0.304082524874009,4
https://www.youtube.com/watch?v=_rQlbCjboJ4,721.2372584,731.6807846,f1f277e5d_8,utterance_96.mp4,0.439211269507646,0.275861224346603,3
https://www.youtube.com/watch?v=_rQlbCjboJ4,731.2803938,733.6827385,f1f277e5d_8,utterance_97.mp4,0.413454396245422,0.168485695526808,4
https://www.youtube.com/watch?v=_rQlbCjboJ4,733.849568,741.0899679,f1f277e5d_8,utterance_98.mp4,0.769643055135014,0.864642202965232,3
https://www.youtube.com/watch?v=_rQlbCjboJ4,741.5570905,751.7670554,f1f277e5d_8,utterance_99.mp4,0.504454370146465,0.348384254614271,3
https://www.youtube.com/watch?v=_rQlbCjboJ4,751.8337872,762.2773134,f1f277e5d_8,utterance_100.mp4,0.556046941946947,0.42598347819993,3
https://www.youtube.com/watch?v=_rQlbCjboJ4,761.8769226,771.9867898,f1f277e5d_8,utterance_101.mp4,0.442004009030127,0.337938811770706,2
https://www.youtube.com/watch?v=_rQlbCjboJ4,771.4529354,773.0878644,f1f277e5d_9,utterance_102.mp4,0.561380531227791,0.57206711078495,4
https://www.youtube.com/watch?v=_rQlbCjboJ4,773.7885483,783.1977316,f1f277e5d_9,utterance_103.mp4,0.487416918370849,0.369544853144616,3
https://www.youtube.com/watch?v=_rQlbCjboJ4,783.3645611,790.8385224,f1f277e5d_9,utterance_104.mp4,0.486439854888381,0.343811793939535,1
https://www.youtube.com/watch?v=_rQlbCjboJ4,791.0720837,793.4744283,f1f277e5d_9,utterance_105.mp4,0.592231653721947,0.458671757776864,3
https://www.youtube.com/watch?v=_rQlbCjboJ4,793.8748191,795.9768707,f1f277e5d_9,utterance_106.mp4,0.576111925086689,0.611196315866246,3
https://www.youtube.com/watch?v=_rQlbCjboJ4,796.9111159,807.4547397,f1f277e5d_9,utterance_107.mp4,0.365111246469791,0.341760295755354,3
https://www.youtube.com/watch?v=_rQlbCjboJ4,807.1878125,810.0572798,f1f277e5d_9,utterance_108.mp4,0.657020965514564,0.733525425368512,3
https://www.youtube.com/watch?v=_rQlbCjboJ4,809.990548,818.3320226,f1f277e5d_9,utterance_109.mp4,0.474092149146793,0.216978477947899,3
https://www.youtube.com/watch?v=_rQlbCjboJ4,818.865877,828.9090124,f1f277e5d_9,utterance_110.mp4,0.593785075549041,0.568394576311536,3
https://www.youtube.com/watch?v=_rQlbCjboJ4,838.4850252,848.8951855,f1f277e5d_10,utterance_112.mp4,0.551855266498698,0.562757473279303,3
https://www.youtube.com/watch?v=_rQlbCjboJ4,848.5281606,858.7714914,f1f277e5d_10,utterance_113.mp4,0.537117679866263,0.440942185594301,4
https://www.youtube.com/watch?v=_rQlbCjboJ4,858.3377347,868.7812609,f1f277e5d_10,utterance_114.mp4,0.535176573539997,0.499178012075027,4
https://www.youtube.com/watch?v=_rQlbCjboJ4,868.3808701,873.5525843,f1f277e5d_10,utterance_115.mp4,0.595612238261943,0.638326627793244,4
https://www.youtube.com/watch?v=ZbamyOYCWeo,0.233298418,10.66507054,faf0175a4_1,utterance_1.mp4,0.521109405355109,0.55153719529264,3
https://www.youtube.com/watch?v=ZbamyOYCWeo,20.29696238,30.99536127,faf0175a4_1,utterance_3.mp4,0.775891456965773,0.692525770397731,3
https://www.youtube.com/watch?v=ZbamyOYCWeo,30.56209277,41.12717828,faf0175a4_1,utterance_4.mp4,0.293103162268497,-0.0447282566786127,3
https://www.youtube.com/watch?v=ZbamyOYCWeo,40.82722317,45.55984823,faf0175a4_1,utterance_5.mp4,0.349072255502357,-0.0596289870516237,3
https://www.youtube.com/watch?v=ZbamyOYCWeo,55.75832193,65.95679564,faf0175a4_1,utterance_7.mp4,0.48747595670813,0.180197691682714,2
https://www.youtube.com/watch?v=ZbamyOYCWeo,65.55685549,75.55535913,faf0175a4_1,utterance_8.mp4,0.622463474267547,0.290764522433984,5
https://www.youtube.com/watch?v=ZbamyOYCWeo,75.35538906,85.88714622,faf0175a4_1,utterance_9.mp4,0.722086967447951,0.506679455594033,3
https://www.youtube.com/watch?v=ZbamyOYCWeo,85.38722103,90.21983112,faf0175a4_1,utterance_10.mp4,0.738484560916643,0.553556981532787,3
https://www.youtube.com/watch?v=ZbamyOYCWeo,90.28648782,100.7849166,faf0175a4_1,utterance_11.mp4,0.364887345629331,-0.0486532323320456,2
https://www.youtube.com/watch?v=ZbamyOYCWeo,140.6789461,150.7441065,faf0175a4_1,utterance_16.mp4,0.477664919158602,0.245372298134538,3
https://www.youtube.com/watch?v=ZbamyOYCWeo,150.4774797,154.8768213,faf0175a4_1,utterance_17.mp4,0.404491088592435,0.0204354287098363,3
